{
    "loss": 1.1492215394973755,
    "accuracy": 0.8645219802856445
}