{
    "loss": 0.2648490369319916,
    "accuracy": 0.8685998916625977
}